{
    "dataset": "RML2018a",
    "model_name": "MCFormer",
    "signal_length": 1024,
    "num_classes": 24,
    "complexity": {
        "Parameters(M)": 0.28028,
        "FLOPs(M)": 144.90624,
        "per_sample_ms": 1.0093251037597657,
        "latency_1f_ms": 1.9633963012695312,
        "throughput_fps": 990.7610504038496,
        "inference_time(ms/sample)": 1.0093251037597657
    },
    "source": {
        "snr_full": [
            -20,
            -18,
            -16,
            -14,
            -12,
            -10,
            -8,
            -6,
            -4,
            -2,
            0,
            2,
            4,
            6,
            8,
            10,
            12,
            14,
            16,
            18,
            20,
            22,
            24,
            26,
            28,
            30
        ],
        "snr": [
            0.0427114215366062,
            0.045033112582781455,
            0.05225556235966524,
            0.06046296771544423,
            0.09008553064426338,
            0.14587866214643525,
            0.21128602323593018,
            0.28404589185573903,
            0.3634448383947382,
            0.4779266750948167,
            0.594595967291381,
            0.7264031580545575,
            0.8392374738773638,
            0.935438384448809,
            0.9618564544762871,
            0.9657166041180647,
            0.9690954903069883,
            0.9693788276465442,
            0.9695790228413398,
            0.9682896890343698,
            0.9676661388363896,
            0.9695208249090174,
            0.9701735633939024,
            0.9706731499772071,
            0.9699675324675324,
            0.9682507480854086
        ],
        "metrics": {
            "accuracy": 0.6339378811027796,
            "precision": 0.6641892712622921,
            "recall": 0.6339382002035112,
            "f1": 0.6375403382572761,
            "low_snr": 0.21524787753252736,
            "high_snr": 0.9197401893603226
        }
    }
}