{
    "dataset": "RML2018a",
    "model_name": "PETCGDNN",
    "signal_length": 1024,
    "num_classes": 24,
    "complexity": {
        "Parameters(M)": 0.07534,
        "FLOPs(M)": 71.923803,
        "per_sample_ms": 0.04939985275268555,
        "latency_1f_ms": 1.5190689086914062,
        "throughput_fps": 20242.97531829458,
        "inference_time(ms/sample)": 0.04939985275268555
    },
    "source": {
        "snr_full": [
            -20,
            -18,
            -16,
            -14,
            -12,
            -10,
            -8,
            -6,
            -4,
            -2,
            0,
            2,
            4,
            6,
            8,
            10,
            12,
            14,
            16,
            18,
            20,
            22,
            24,
            26,
            28,
            30
        ],
        "snr": [
            0.044369629666850915,
            0.04605196128374937,
            0.052918963053684424,
            0.06749473900323359,
            0.10364897008957943,
            0.15235541162778932,
            0.20836895840667907,
            0.2775634099912538,
            0.3568675813164791,
            0.46326169405815426,
            0.574787952663924,
            0.6851055215344906,
            0.808756817370916,
            0.9068842221886488,
            0.9513061120973878,
            0.9628258444061264,
            0.968221319483725,
            0.9698934691987031,
            0.9695790228413398,
            0.9685454173486089,
            0.9677172191857792,
            0.9696219167003639,
            0.9703262584618517,
            0.9697614344324571,
            0.9697138798701299,
            0.9687072069787493
        ],
        "metrics": {
            "accuracy": 0.6287557636140624,
            "precision": 0.6512932939779649,
            "recall": 0.6287560073206137,
            "f1": 0.6298205197608581,
            "low_snr": 0.213426297378307,
            "high_snr": 0.9113596009227001
        }
    }
}