{
    "dataset": "RML2016b",
    "model_name": "TriNCFA_Net",
    "signal_length": 128,
    "num_classes": 10,
    "complexity": {
        "Parameters(M)": 0.082894,
        "FLOPs(M)": 5.411168,
        "per_sample_ms": 0.28576852798461916,
        "latency_1f_ms": 11.222498779296876,
        "throughput_fps": 3499.3356583123204,
        "inference_time(ms/sample)": 0.28576852798461916
    },
    "source": {
        "snr_full": [
            -20,
            -18,
            -16,
            -14,
            -12,
            -10,
            -8,
            -6,
            -4,
            -2,
            0,
            2,
            4,
            6,
            8,
            10,
            12,
            14,
            16,
            18
        ],
        "snr": [
            0.11151139410187667,
            0.12944902892389765,
            0.13761693746922699,
            0.19386729222520108,
            0.2707949790794979,
            0.36674108988671134,
            0.4915098285236303,
            0.6342052649116962,
            0.7820170312239105,
            0.8860125260960334,
            0.9228626888345008,
            0.9337503086165748,
            0.9334680815226546,
            0.9375931137228936,
            0.9393437189260855,
            0.9375,
            0.9346648612051456,
            0.9384551838083437,
            0.9414699035583638,
            0.9447065640261568
        ],
        "metrics": {
            "accuracy": 0.6682166666666667,
            "precision": 0.6903233612705761,
            "recall": 0.6682166666666667,
            "f1": 0.6689324015595262,
            "low_snr": 0.44787164193419843,
            "high_snr": 0.936381442422072
        }
    }
}