{
    "dataset": "RML2016a",
    "model_name": "MCLDNN",
    "signal_length": 128,
    "num_classes": 11,
    "complexity": {
        "Parameters(M)": 0.406199,
        "FLOPs(M)": 49.097472,
        "per_sample_ms": 0.032456719875335695,
        "latency_1f_ms": 0.8794214630126953,
        "throughput_fps": 30810.260674551824,
        "inference_time(ms/sample)": 0.032456719875335695
    },
    "source": {
        "snr_full": [
            -20,
            -18,
            -16,
            -14,
            -12,
            -10,
            -8,
            -6,
            -4,
            -2,
            0,
            2,
            4,
            6,
            8,
            10,
            12,
            14,
            16,
            18
        ],
        "snr": [
            0.10294784580498866,
            0.09655172413793103,
            0.1080091533180778,
            0.13305898491083676,
            0.1798265632131447,
            0.23983364140480593,
            0.33629893238434166,
            0.5197637437528396,
            0.671594982078853,
            0.7948955916473318,
            0.8825076720736519,
            0.8980604420387912,
            0.9152466367713005,
            0.9110699397869384,
            0.9159891598915989,
            0.9235836627140975,
            0.9265116279069767,
            0.9210897134805073,
            0.9227623807360291,
            0.9199636198271942
        ],
        "metrics": {
            "accuracy": 0.6167954545454546,
            "precision": 0.7281136924784103,
            "recall": 0.6167954545454545,
            "f1": 0.6415363428179897,
            "low_snr": 0.3695717122478912,
            "high_snr": 0.9136784855227088
        }
    }
}