{
    "dataset": "RML2016b",
    "model_name": "IQFormer",
    "signal_length": 128,
    "num_classes": 10,
    "complexity": {
        "Parameters(M)": 0.356686,
        "FLOPs(M)": 46.674176,
        "per_sample_ms": 0.5865508270263672,
        "latency_1f_ms": 6.689505615234375,
        "throughput_fps": 1704.882090218325,
        "inference_time(ms/sample)": 0.5865508270263672
    },
    "source": {
        "snr_full": [
            -20,
            -18,
            -16,
            -14,
            -12,
            -10,
            -8,
            -6,
            -4,
            -2,
            0,
            2,
            4,
            6,
            8,
            10,
            12,
            14,
            16,
            18
        ],
        "snr": [
            0.1098357908847185,
            0.11561223639243144,
            0.1295749220416872,
            0.16722520107238606,
            0.22410041841004183,
            0.32059869345902586,
            0.43078209953994145,
            0.584055314895035,
            0.7548839539155118,
            0.8769937369519833,
            0.9190648999915605,
            0.9319397580446054,
            0.933636516759306,
            0.9368482039397451,
            0.9384322174345376,
            0.9371648793565683,
            0.9347494922139472,
            0.9384551838083437,
            0.93831060857998,
            0.9376707226222994
        ],
        "metrics": {
            "accuracy": 0.6528416666666667,
            "precision": 0.6901295965493996,
            "recall": 0.6528416666666667,
            "f1": 0.6545510445764938,
            "low_snr": 0.42115702432312024,
            "high_snr": 0.9346272482750893
        }
    }
}