{
    "dataset": "RML2016b",
    "model_name": "SMT",
    "signal_length": 128,
    "num_classes": 10,
    "complexity": {
        "Parameters(M)": 0.066251,
        "FLOPs(M)": 3.011136,
        "per_sample_ms": 0.04977663993835449,
        "latency_1f_ms": 5.286915893554688,
        "throughput_fps": 20089.744933335045,
        "inference_time(ms/sample)": 0.04977663993835449
    },
    "source": {
        "snr_full": [
            -20,
            -18,
            -16,
            -14,
            -12,
            -10,
            -8,
            -6,
            -4,
            -2,
            0,
            2,
            4,
            6,
            8,
            10,
            12,
            14,
            16,
            18
        ],
        "snr": [
            0.10673592493297587,
            0.11152788197049263,
            0.12621040538322664,
            0.16177949061662197,
            0.22326359832635984,
            0.3233275448606632,
            0.43655374320368046,
            0.5743918693768744,
            0.7480380697946235,
            0.8668893528183717,
            0.9188117140686978,
            0.9336680108633034,
            0.9331312110493515,
            0.9375103459692103,
            0.9388465362943321,
            0.9382540214477212,
            0.9364421123899797,
            0.9399421726559273,
            0.939308280678417,
            0.9401539607648374
        ],
        "metrics": {
            "accuracy": 0.6515875,
            "precision": 0.6794660833140862,
            "recall": 0.6515875,
            "f1": 0.6534386084079122,
            "low_snr": 0.41795723594114437,
            "high_snr": 0.9356068366181779
        }
    }
}