{
    "dataset": "RML2018a",
    "model_name": "TriNCFA_Net",
    "signal_length": 1024,
    "num_classes": 24,
    "complexity": {
        "Parameters(M)": 0.185516,
        "FLOPs(M)": 59.54352,
        "per_sample_ms": 0.437962646484375,
        "latency_1f_ms": 20.43336181640625,
        "throughput_fps": 2283.2997471981357,
        "inference_time(ms/sample)": 0.437962646484375
    },
    "source": {
        "snr_full": [
            -20,
            -18,
            -16,
            -14,
            -12,
            -10,
            -8,
            -6,
            -4,
            -2,
            0,
            2,
            4,
            6,
            8,
            10,
            12,
            14,
            16,
            18,
            20,
            22,
            24,
            26,
            28,
            30
        ],
        "snr": [
            0.0422492337068489,
            0.04506520631686195,
            0.04929577464788732,
            0.0705230200687779,
            0.10795080722708639,
            0.15594798360572787,
            0.21530956093144898,
            0.305949477800072,
            0.3883777812034325,
            0.49896333754740835,
            0.6148047132916857,
            0.7387818209423553,
            0.8777083439522911,
            0.9490930150576623,
            0.9603854932792291,
            0.9658180342833959,
            0.9715637373373786,
            0.9730327826668725,
            0.9730103451807846,
            0.971921031096563,
            0.9731828165704653,
            0.9741095835018196,
            0.9748562121443477,
            0.9763836802917489,
            0.9753664772727273,
            0.9756775371506822
        ],
        "metrics": {
            "accuracy": 0.6432433771952139,
            "precision": 0.65729882080268,
            "recall": 0.6432677523230792,
            "f1": 0.6493126331501032,
            "low_snr": 0.22676699057702165,
            "high_snr": 0.9486593940485549
        }
    }
}