{
    "dataset": "RML2016a",
    "model_name": "SMT",
    "signal_length": 128,
    "num_classes": 11,
    "complexity": {
        "Parameters(M)": 0.066316,
        "FLOPs(M)": 3.0112,
        "per_sample_ms": 0.0322875189781189,
        "latency_1f_ms": 3.90097412109375,
        "throughput_fps": 30971.720084088694,
        "inference_time(ms/sample)": 0.0322875189781189
    },
    "source": {
        "snr_full": [
            -20,
            -18,
            -16,
            -14,
            -12,
            -10,
            -8,
            -6,
            -4,
            -2,
            0,
            2,
            4,
            6,
            8,
            10,
            12,
            14,
            16,
            18
        ],
        "snr": [
            0.10612244897959183,
            0.09977011494252873,
            0.10663615560640732,
            0.12528577960676726,
            0.15518028297581013,
            0.24399260628465805,
            0.35631672597864766,
            0.5470240799636529,
            0.6778673835125448,
            0.8060324825986079,
            0.8803156510302499,
            0.9066305818673883,
            0.9170403587443946,
            0.9184807781380269,
            0.9150858175248419,
            0.930171277997365,
            0.9311627906976744,
            0.9243776420854861,
            0.9263970922308041,
            0.9158708503865394
        ],
        "metrics": {
            "accuracy": 0.6203181818181818,
            "precision": 0.7284318905112357,
            "recall": 0.6203181818181819,
            "f1": 0.6397765807134728,
            "low_snr": 0.3731403374072242,
            "high_snr": 0.916553284070277
        }
    }
}