{
    "dataset": "RML2016b",
    "model_name": "MCLDNN",
    "signal_length": 128,
    "num_classes": 10,
    "complexity": {
        "Parameters(M)": 0.40607,
        "FLOPs(M)": 49.097344,
        "per_sample_ms": 0.14075957298278807,
        "latency_1f_ms": 1.6298822021484376,
        "throughput_fps": 7104.312543788968,
        "inference_time(ms/sample)": 0.14075957298278807
    },
    "source": {
        "snr_full": [
            -20,
            -18,
            -16,
            -14,
            -12,
            -10,
            -8,
            -6,
            -4,
            -2,
            0,
            2,
            4,
            6,
            8,
            10,
            12,
            14,
            16,
            18
        ],
        "snr": [
            0.10765750670241286,
            0.10794365257981162,
            0.12342031839816182,
            0.14435321715817695,
            0.20502092050209206,
            0.29248325477549,
            0.416478460895023,
            0.5749750083305565,
            0.7252462848555685,
            0.8510229645093945,
            0.911384926998059,
            0.9300469097193647,
            0.9311942058278592,
            0.9346962423439827,
            0.9374378521710308,
            0.935656836461126,
            0.9333107650643195,
            0.9366377529946304,
            0.935899567675424,
            0.9352702590845129
        ],
        "metrics": {
            "accuracy": 0.6433583333333334,
            "precision": 0.6869965455040908,
            "recall": 0.6433583333333335,
            "f1": 0.650052743306359,
            "low_snr": 0.4054533196095224,
            "high_snr": 0.9321535318340309
        }
    }
}