{
    "dataset": "RML2018a",
    "model_name": "IQFormer",
    "signal_length": 1024,
    "num_classes": 24,
    "complexity": {
        "Parameters(M)": 0.35782,
        "FLOPs(M)": 373.308512,
        "per_sample_ms": 0.2565471267700195,
        "latency_1f_ms": 6.12801025390625,
        "throughput_fps": 3897.9193124873523,
        "inference_time(ms/sample)": 0.2565471267700195
    },
    "source": {
        "snr_full": [
            -20,
            -18,
            -16,
            -14,
            -12,
            -10,
            -8,
            -6,
            -4,
            -2,
            0,
            2,
            4,
            6,
            8,
            10,
            12,
            14,
            16,
            18,
            20,
            22,
            24,
            26,
            28,
            30
        ],
        "snr": [
            0.0427114215366062,
            0.044829342842587876,
            0.04470300061236987,
            0.05030026176666838,
            0.0640720684245154,
            0.1018064059100339,
            0.16174621535985514,
            0.24463651798116992,
            0.3531164893890345,
            0.4675094816687737,
            0.587586977500127,
            0.7390556202236955,
            0.8662521025536469,
            0.947776602709372,
            0.9657621100684758,
            0.9676437772593569,
            0.9720265336555767,
            0.9733415675981679,
            0.9729079176482639,
            0.9714607201309329,
            0.9708842008479338,
            0.97280630812778,
            0.9732783631088716,
            0.9741174087018184,
            0.9728084415584416,
            0.9719531368869504
        ],
        "metrics": {
            "accuracy": 0.629548046582326,
            "precision": 0.6517941515510789,
            "recall": 0.6295481628443841,
            "f1": 0.632390985080596,
            "low_snr": 0.1966380166356129,
            "high_snr": 0.9249788617862132
        }
    }
}