{
    "dataset": "RML2016a",
    "model_name": "TriNCFA_Net",
    "signal_length": 128,
    "num_classes": 11,
    "complexity": {
        "Parameters(M)": 0.082959,
        "FLOPs(M)": 5.4112,
        "per_sample_ms": 0.06044911861419678,
        "latency_1f_ms": 7.866132202148438,
        "throughput_fps": 16542.83838912988,
        "inference_time(ms/sample)": 0.06044911861419678
    },
    "source": {
        "snr_full": [
            -20,
            -18,
            -16,
            -14,
            -12,
            -10,
            -8,
            -6,
            -4,
            -2,
            0,
            2,
            4,
            6,
            8,
            10,
            12,
            14,
            16,
            18
        ],
        "snr": [
            0.10430839002267574,
            0.10563218390804598,
            0.11709382151029748,
            0.13488797439414724,
            0.17654952076677317,
            0.26524953789279115,
            0.4223665480427046,
            0.6274466151749205,
            0.75584229390681,
            0.8689327146171694,
            0.9188952213941254,
            0.9215155615696887,
            0.9291479820627803,
            0.9309865678554886,
            0.941282746160795,
            0.9411506368028107,
            0.9469767441860465,
            0.9453475810239549,
            0.9454815992730577,
            0.945425193269668
        ],
        "metrics": {
            "accuracy": 0.6472259716917377,
            "precision": 0.7684997864421077,
            "recall": 0.6472259716917377,
            "f1": 0.6683355349215666,
            "low_snr": 0.4088368019664055,
            "high_snr": 0.9366209833598415
        }
    }
}