{
    "dataset": "RML2016b",
    "model_name": "MCFormer",
    "signal_length": 128,
    "num_classes": 10,
    "complexity": {
        "Parameters(M)": 0.276682,
        "FLOPs(M)": 18.172416,
        "per_sample_ms": 0.4316511535644531,
        "latency_1f_ms": 1.4515000915527343,
        "throughput_fps": 2316.685572926848,
        "inference_time(ms/sample)": 0.4316511535644531
    },
    "source": {
        "snr_full": [
            -20,
            -18,
            -16,
            -14,
            -12,
            -10,
            -8,
            -6,
            -4,
            -2,
            0,
            2,
            4,
            6,
            8,
            10,
            12,
            14,
            16,
            18
        ],
        "snr": [
            0.10489276139410188,
            0.11277819454863716,
            0.1298211061874282,
            0.1638739946380697,
            0.22476987447698746,
            0.3089390556520301,
            0.42969468841488917,
            0.5858047317560813,
            0.7547169811320755,
            0.8752400835073069,
            0.9188961093763187,
            0.930869887252078,
            0.9322890348660939,
            0.9360205264029134,
            0.9375207159429897,
            0.935656836461126,
            0.9337339201083277,
            0.9372986369268897,
            0.9353175922846692,
            0.9356013575035179
        ],
        "metrics": {
            "accuracy": 0.6510291666666667,
            "precision": 0.7119387138500126,
            "recall": 0.6510291666666665,
            "f1": 0.6567087573187649,
            "low_snr": 0.41903887100762965,
            "high_snr": 0.9333204617124924
        }
    }
}