{
    "dataset": "RML2016b",
    "model_name": "FEA_T",
    "signal_length": 128,
    "num_classes": 10,
    "complexity": {
        "Parameters(M)": 0.169834,
        "FLOPs(M)": 6.653632,
        "per_sample_ms": 0.23988689422607423,
        "latency_1f_ms": 8.09005126953125,
        "throughput_fps": 4168.63123442492,
        "inference_time(ms/sample)": 0.23988689422607423
    },
    "source": {
        "snr_full": [
            -20,
            -18,
            -16,
            -14,
            -12,
            -10,
            -8,
            -6,
            -4,
            -2,
            0,
            2,
            4,
            6,
            8,
            10,
            12,
            14,
            16,
            18
        ],
        "snr": [
            0.10950067024128686,
            0.11369509043927649,
            0.12900049236829148,
            0.1646280160857909,
            0.2311297071129707,
            0.31373521872157445,
            0.4120451693851945,
            0.5398200599800067,
            0.7047921188846218,
            0.8308141962421712,
            0.9057304413874588,
            0.9278248703810386,
            0.9317837291561395,
            0.9358549908955471,
            0.9361948955916474,
            0.9359919571045576,
            0.9330568720379147,
            0.9383725733168112,
            0.9387263052876621,
            0.9370085257842894
        ],
        "metrics": {
            "accuracy": 0.6433458333333333,
            "precision": 0.6813192075811596,
            "recall": 0.6433458333333333,
            "f1": 0.6424993676323445,
            "low_snr": 0.4049901073498768,
            "high_snr": 0.9320545160943066
        }
    }
}