{
    "dataset": "RML2016a",
    "model_name": "PETCGDNN",
    "signal_length": 128,
    "num_classes": 11,
    "complexity": {
        "Parameters(M)": 0.071871,
        "FLOPs(M)": 8.312411,
        "per_sample_ms": 0.008853600025177003,
        "latency_1f_ms": 0.5726563262939454,
        "throughput_fps": 112948.40484732739,
        "inference_time(ms/sample)": 0.008853600025177003
    },
    "source": {
        "snr_full": [
            -20,
            -18,
            -16,
            -14,
            -12,
            -10,
            -8,
            -6,
            -4,
            -2,
            0,
            2,
            4,
            6,
            8,
            10,
            12,
            14,
            16,
            18
        ],
        "snr": [
            0.10521541950113379,
            0.10252873563218391,
            0.09977116704805492,
            0.12208504801097393,
            0.14331355545413055,
            0.23798521256931607,
            0.3500889679715303,
            0.5356656065424807,
            0.6863799283154122,
            0.7888631090487239,
            0.8676019289785182,
            0.8930987821380244,
            0.8955156950672646,
            0.9073645206113942,
            0.9146341463414634,
            0.919631093544137,
            0.9195348837209303,
            0.9145138562705496,
            0.9095865515674694,
            0.903137789904502
        ],
        "metrics": {
            "accuracy": 0.6116590909090909,
            "precision": 0.7370084710309492,
            "recall": 0.6116590909090909,
            "f1": 0.634095003161634,
            "low_snr": 0.3672271526429508,
            "high_snr": 0.9044619248144252
        }
    }
}