{
    "dataset": "RML2018a",
    "model_name": "FEA_T",
    "signal_length": 1024,
    "num_classes": 24,
    "complexity": {
        "Parameters(M)": 0.342168,
        "FLOPs(M)": 21.884416,
        "per_sample_ms": 0.09312091827392578,
        "latency_1f_ms": 11.321129150390625,
        "throughput_fps": 10738.725718515641,
        "inference_time(ms/sample)": 0.09312091827392578
    },
    "source": {
        "snr_full": [
            -20,
            -18,
            -16,
            -14,
            -12,
            -10,
            -8,
            -6,
            -4,
            -2,
            0,
            2,
            4,
            6,
            8,
            10,
            12,
            14,
            16,
            18,
            20,
            22,
            24,
            26,
            28,
            30
        ],
        "snr": [
            0.043364655042460176,
            0.04437086092715232,
            0.05460298020004083,
            0.0694964841143561,
            0.10147274659648768,
            0.1488640388604969,
            0.20449630337474226,
            0.2762257550033441,
            0.3506500179846873,
            0.4740328697850822,
            0.5952054446645335,
            0.7248342527455843,
            0.8396962128548856,
            0.9244598882006345,
            0.9583565812832868,
            0.9634851404807789,
            0.9679642104180594,
            0.9699963975091349,
            0.9695790228413398,
            0.9676759410801964,
            0.9673596567400521,
            0.9689648200566114,
            0.9686466127144093,
            0.9691029732056932,
            0.9693080357142857,
            0.966627783131308
        ],
        "metrics": {
            "accuracy": 0.6327778223369022,
            "precision": 0.672527623376935,
            "recall": 0.6327780290624708,
            "f1": 0.6387332002913437,
            "low_snr": 0.2147983778684894,
            "high_snr": 0.9182039358525496
        }
    }
}