{
    "dataset": "RML2018a",
    "model_name": "MCLDNN",
    "signal_length": 1024,
    "num_classes": 24,
    "complexity": {
        "Parameters(M)": 0.407876,
        "FLOPs(M)": 402.39552,
        "per_sample_ms": 0.18907936096191405,
        "latency_1f_ms": 6.640234375,
        "throughput_fps": 5288.784534243419,
        "inference_time(ms/sample)": 0.18907936096191405
    },
    "source": {
        "snr_full": [
            -20,
            -18,
            -16,
            -14,
            -12,
            -10,
            -8,
            -6,
            -4,
            -2,
            0,
            2,
            4,
            6,
            8,
            10,
            12,
            14,
            16,
            18,
            20,
            22,
            24,
            26,
            28,
            30
        ],
        "snr": [
            0.042510426611728054,
            0.046561385634233315,
            0.051847315778730356,
            0.06559564748755325,
            0.10283921251075459,
            0.1483580428072661,
            0.20344012472966855,
            0.275196789628029,
            0.36231437233441244,
            0.4775726927939317,
            0.5851998577886129,
            0.7114732526949744,
            0.8347520260971507,
            0.9286397743868661,
            0.9601318792797362,
            0.967136626432701,
            0.9713066282717129,
            0.9725181411147136,
            0.9727030625832224,
            0.9702843698854338,
            0.9713439239924401,
            0.9723513950667206,
            0.9723621927011757,
            0.972901787975485,
            0.9732650162337663,
            0.9711923720647158
        ],
        "metrics": {
            "accuracy": 0.6337324744073038,
            "precision": 0.6682887772766616,
            "recall": 0.6337326661320621,
            "f1": 0.6368449500261307,
            "low_snr": 0.2146759880095382,
            "high_snr": 0.9192226441605893
        }
    }
}