{
    "dataset": "RML2018a",
    "model_name": "AMCNet",
    "signal_length": 1024,
    "num_classes": 24,
    "complexity": {
        "Parameters(M)": 4.606509,
        "FLOPs(M)": 943.199232,
        "per_sample_ms": 0.22813480377197265,
        "latency_1f_ms": 2.283816680908203,
        "throughput_fps": 4383.373266446136,
        "inference_time(ms/sample)": 0.22813480377197265
    },
    "source": {
        "snr_full": [
            -20,
            -18,
            -16,
            -14,
            -12,
            -10,
            -8,
            -6,
            -4,
            -2,
            0,
            2,
            4,
            6,
            8,
            10,
            12,
            14,
            16,
            18,
            20,
            22,
            24,
            26,
            28,
            30
        ],
        "snr": [
            0.042761670267825735,
            0.043352012226184414,
            0.052765870585833846,
            0.0679566801827234,
            0.09752517839971658,
            0.12882659515255782,
            0.16833475833626715,
            0.23640479497864897,
            0.327024305020297,
            0.4451959544879899,
            0.551797450352989,
            0.6617693203097323,
            0.7816713390081044,
            0.894723774991187,
            0.9364265787471468,
            0.9400933157521047,
            0.9451349822594745,
            0.9599212598425197,
            0.9585977670797911,
            0.9509594926350246,
            0.9552745568779691,
            0.9605519611807522,
            0.956246246246246,
            0.9561459757888872,
            0.9569277597402597,
            0.9561601663539078
        ],
        "metrics": {
            "accuracy": 0.6127104227269793,
            "precision": 0.6457828832341069,
            "recall": 0.612711194284875,
            "f1": 0.61907331717971057,
            "low_snr": 0.19652229727191217,
            "high_snr": 0.8951237703465297
        }
    }
}