{
    "dataset": "RML2018a",
    "model_name": "SMT",
    "signal_length": 1024,
    "num_classes": 24,
    "complexity": {
        "Parameters(M)": 0.258105,
        "FLOPs(M)": 49.986272,
        "per_sample_ms": 0.12871000289916992,
        "latency_1f_ms": 6.878863525390625,
        "throughput_fps": 7769.403911702105,
        "inference_time(ms/sample)": 0.12871000289916992
    },
    "source": {
        "snr_full": [
            -20,
            -18,
            -16,
            -14,
            -12,
            -10,
            -8,
            -6,
            -4,
            -2,
            0,
            2,
            4,
            6,
            8,
            10,
            12,
            14,
            16,
            18,
            20,
            22,
            24,
            26,
            28,
            30
        ],
        "snr": [
            0.041254208331239633,
            0.04915944982170148,
            0.04837721984078383,
            0.06359390237643073,
            0.09550078445265449,
            0.14425947477609674,
            0.20751395664638134,
            0.28584658126254053,
            0.37171779456348597,
            0.4818204804045512,
            0.5929199045152116,
            0.7272129156333823,
            0.8430602986900454,
            0.932668580349499,
            0.9601826020796348,
            0.9663759001927174,
            0.9706381447009822,
            0.9722608203386341,
            0.9715251459592339,
            0.9702843698854338,
            0.9702201563058691,
            0.9713910230489284,
            0.9720568025652772,
            0.971787468976346,
            0.9714387175324676,
            0.9696201247654308
        ],
        "metrics": {
            "accuracy": 0.6352250963944278,
            "precision": 0.6614129434038936,
            "recall": 0.6352253482736043,
            "f1": 0.6379603816027134,
            "low_snr": 0.2165421597264616,
            "high_snr": 0.9208526859711933
        }
    }
}