{
    "dataset": "RML2016b",
    "model_name": "PETCGDNN",
    "signal_length": 128,
    "num_classes": 10,
    "complexity": {
        "Parameters(M)": 0.071742,
        "FLOPs(M)": 8.312283,
        "per_sample_ms": 0.0823504638671875,
        "latency_1f_ms": 2.069516906738281,
        "throughput_fps": 12143.222430571512,
        "inference_time(ms/sample)": 0.0823504638671875
    },
    "source": {
        "snr_full": [
            -20,
            -18,
            -16,
            -14,
            -12,
            -10,
            -8,
            -6,
            -4,
            -2,
            0,
            2,
            4,
            6,
            8,
            10,
            12,
            14,
            16,
            18
        ],
        "snr": [
            0.10740616621983914,
            0.10986079853296657,
            0.13031347447891023,
            0.1628686327077748,
            0.23146443514644352,
            0.3368064169354172,
            0.4289418653283145,
            0.5381539486837721,
            0.6981132075471698,
            0.84258872651357,
            0.9123976706895096,
            0.9290593366801086,
            0.9325416877210713,
            0.9366826684323788,
            0.9379350348027842,
            0.9362432975871313,
            0.9333953960731212,
            0.9379595208591491,
            0.9377286331892252,
            0.9368429765747869
        ],
        "metrics": {
            "accuracy": 0.6457291666666667,
            "precision": 0.6622899676937377,
            "recall": 0.6457291666666666,
            "f1": 0.6436199185934646,
            "low_snr": 0.40899230388942615,
            "high_snr": 0.9330786222609267
        }
    }
}