{
    "dataset": "RML2016a",
    "model_name": "AMCNet",
    "signal_length": 128,
    "num_classes": 11,
    "complexity": {
        "Parameters(M)": 0.466144,
        "FLOPs(M)": 29.824512,
        "per_sample_ms": 0.03374270439147949,
        "latency_1f_ms": 1.8485452270507812,
        "throughput_fps": 29636.035938260895,
        "inference_time(ms/sample)": 0.03374270439147949
    },
    "source": {
        "snr_full": [
            -20,
            -18,
            -16,
            -14,
            -12,
            -10,
            -8,
            -6,
            -4,
            -2,
            0,
            2,
            4,
            6,
            8,
            10,
            12,
            14,
            16,
            18
        ],
        "snr": [
            0.09886621315192744,
            0.09839080459770115,
            0.09839816933638444,
            0.133973479652492,
            0.1542674577818348,
            0.24029574861367836,
            0.33941281138790036,
            0.49568378009995456,
            0.6406810035842294,
            0.7466357308584687,
            0.8158702323542306,
            0.8434821831303564,
            0.8439461883408071,
            0.8476146364057434,
            0.8504968383017163,
            0.8612209046991656,
            0.8711627906976744,
            0.8506341005166745,
            0.8577919127669241,
            0.8517507958162801
        ],
        "metrics": {
            "accuracy": 0.5777954545454546,
            "precision": 0.6599524679511779,
            "recall": 0.5777954545454546,
            "f1": 0.5898695413522698,
            "low_snr": 0.351134130128982,
            "high_snr": 0.8493970583029572
        }
    }
}