{
    "dataset": "RML2016a",
    "model_name": "IQFormer",
    "signal_length": 128,
    "num_classes": 11,
    "complexity": {
        "Parameters(M)": 0.356767,
        "FLOPs(M)": 46.674256,
        "per_sample_ms": 0.05037813663482666,
        "latency_1f_ms": 4.436367492675782,
        "throughput_fps": 19849.880658521517,
        "inference_time(ms/sample)": 0.05037813663482666
    },
    "source": {
        "snr_full": [
            -20,
            -18,
            -16,
            -14,
            -12,
            -10,
            -8,
            -6,
            -4,
            -2,
            0,
            2,
            4,
            6,
            8,
            10,
            12,
            14,
            16,
            18
        ],
        "snr": [
            0.10249433106575964,
            0.09839080459770115,
            0.10389016018306636,
            0.13671696387745771,
            0.1775445002282063,
            0.25831792975970425,
            0.35587188612099646,
            0.5402089959109496,
            0.6953405017921147,
            0.8213457076566125,
            0.8956597983340641,
            0.9228687415426252,
            0.9242152466367713,
            0.9314497452524316,
            0.9308943089430894,
            0.9371980676328503,
            0.9432558139534883,
            0.9394081728511038,
            0.9359382099045889,
            0.9267849022282856
        ],
        "metrics": {
            "accuracy": 0.6297045454545455,
            "precision": 0.7462371424908067,
            "recall": 0.6297045454545455,
            "f1": 0.6477905732993375,
            "low_snr": 0.38052559813878484,
            "high_snr": 0.9287673007279299
        }
    }
}