{
    "dataset": "RML2016b",
    "model_name": "AMCNet",
    "signal_length": 128,
    "num_classes": 10,
    "complexity": {
        "Parameters(M)": 0.465631,
        "FLOPs(M)": 29.824,
        "per_sample_ms": 0.04654987335205078,
        "latency_1f_ms": 2.161855926513672,
        "throughput_fps": 21482.335568071838,
        "inference_time(ms/sample)": 0.04654987335205078
    },
    "source": {
        "snr_full": [
            -20,
            -18,
            -16,
            -14,
            -12,
            -10,
            -8,
            -6,
            -4,
            -2,
            0,
            2,
            4,
            6,
            8,
            10,
            12,
            14,
            16,
            18
        ],
        "snr": [
            0.10455764075067024,
            0.10819371509544053,
            0.12030198588544232,
            0.14368297587131368,
            0.20702928870292886,
            0.31299098652112795,
            0.41547469677959015,
            0.5533988670443185,
            0.7284187677408582,
            0.8526931106471817,
            0.9026922103131066,
            0.9163031849230516,
            0.9188984335522992,
            0.9228604535672902,
            0.9243453762015247,
            0.9224195710455764,
            0.9208700067704807,
            0.9244940107393639,
            0.9235949451280346,
            0.9231023921860773
        ],
        "metrics": {
            "accuracy": 0.6371708333333334,
            "precision": 0.6928405421764507,
            "recall": 0.6371708333333334,
            "f1": 0.6430574669325548,
            "low_snr": 0.40449402230472536,
            "high_snr": 0.9199580584426805
        }
    }
}