{
    "dataset": "RML2016a",
    "model_name": "MCFormer",
    "signal_length": 128,
    "num_classes": 11,
    "complexity": {
        "Parameters(M)": 0.276939,
        "FLOPs(M)": 18.172672,
        "per_sample_ms": 0.06009190559387207,
        "latency_1f_ms": 1.4614540100097657,
        "throughput_fps": 16641.176380034383,
        "inference_time(ms/sample)": 0.06009190559387207
    },
    "source": {
        "snr_full": [
            -20,
            -18,
            -16,
            -14,
            -12,
            -10,
            -8,
            -6,
            -4,
            -2,
            0,
            2,
            4,
            6,
            8,
            10,
            12,
            14,
            16,
            18
        ],
        "snr": [
            0.1056689342403628,
            0.10114942528735632,
            0.1102974828375286,
            0.1211705532693187,
            0.1574623459607485,
            0.24168207024029575,
            0.3954626334519573,
            0.5233984552476147,
            0.6545698924731183,
            0.7721577726218097,
            0.8562034195528277,
            0.8822733423545331,
            0.8905829596412556,
            0.8925428439092172,
            0.8934056007226739,
            0.9064558629776021,
            0.9106976744186046,
            0.8994833255049319,
            0.8932303498409814,
            0.8944974988631196
        ],
        "metrics": {
            "accuracy": 0.6059772727272728,
            "precision": 0.7014475627059812,
            "recall": 0.6059772727272728,
            "f1": 0.620451437573736,
            "low_snr": 0.36720208956208533,
            "high_snr": 0.8919372877785747
        }
    }
}